"Order Number",Shipdate,Carrier,"Tracking Number"
2357418,2023-03-02,deutsche_post_cross_border,RS528869767DE
2357434,2023-03-02,deutsche_post_cross_border,LY420513645DE
2355877,2023-03-02,deutsche_post_cross_border,LY420513637DE
2356436,2023-03-02,deutsche_post_cross_border,LY420513623DE
2355667,2023-03-02,deutsche_post_cross_border,RS528869740DE
2357483,2023-03-02,deutsche_post_cross_border,LY420513610DE
2356273,2023-03-02,deutsche_post_cross_border,LY420513597DE
2355804,2023-03-02,deutsche_post_cross_border,LY420513606DE
2355674,2023-03-02,deutsche_post_cross_border,LY420513583DE
2356512,2023-03-02,deutsche_post_cross_border,LY420513570DE
2356390,2023-03-02,deutsche_post_cross_border,LY420513552DE
2355704,2023-03-02,deutsche_post_cross_border,LY420513566DE
2356068,2023-03-02,deutsche_post_cross_border,RS528869722DE
2355324,2023-03-02,deutsche_post_cross_border,LY420513535DE
2356546,2023-03-02,deutsche_post_cross_border,LY420513504DE
2356198,2023-03-02,deutsche_post_cross_border,LY420513549DE
2357275,2023-03-02,deutsche_post_cross_border,LY420513521DE
2356252,2023-03-02,deutsche_post_cross_border,LY420513518DE
2356043,2023-03-02,deutsche_post_cross_border,RS528869705DE
2355274,2023-03-02,deutsche_post_cross_border,LY420513481DE
2355587,2023-03-02,deutsche_post_cross_border,LY420513478DE
2357280,2023-03-02,deutsche_post_cross_border,LY420513455DE
2356257,2023-03-02,deutsche_post_cross_border,LY420513447DE
2355850,2023-03-02,deutsche_post_cross_border,LY420513393DE
2356739,2023-03-02,deutsche_post_cross_border,LY420513433DE
2356267,2023-03-02,deutsche_post_cross_border,RS528869682DE
2355612,2023-03-02,deutsche_post_cross_border,LY420513402DE
2356593,2023-03-02,deutsche_post_cross_border,RS528869679DE
2357310,2023-03-02,deutsche_post_cross_border,RS929817957DE
2356317,2023-03-02,deutsche_post_cross_border,RS929817912DE
2357258,2023-03-02,deutsche_post_cross_border,RS929817926DE
2355163,2023-03-02,deutsche_post_cross_border,RS929817909DE
2356341,2023-03-02,deutsche_post_cross_border,RS929817890DE
2356111,2023-03-02,deutsche_post_cross_border,RS929817943DE
2357346,2023-03-02,deutsche_post_cross_border,RS929817930DE
2355451,2023-03-02,deutsche_post_cross_border,LY420517466DE
2355485,2023-03-02,deutsche_post_cross_border,LY420517449DE
2355385,2023-03-02,deutsche_post_cross_border,LY420517320DE
2355119,2023-03-02,deutsche_post_cross_border,RS528870677DE
2355142,2023-03-02,deutsche_post_cross_border,LY420517214DE
2355493,2023-03-02,deutsche_post_cross_border,LY420517191DE
2356007,2023-03-02,deutsche_post_cross_border,RS528870748DE
2356099,2023-03-02,deutsche_post_cross_border,RS528870734DE
2355837,2023-03-02,deutsche_post_cross_border,LY420517435DE
2357297,2023-03-02,deutsche_post_cross_border,LY420517421DE
2357531,2023-03-02,deutsche_post_cross_border,LY420517395DE
2356841,2023-03-02,deutsche_post_cross_border,LY420517378DE
2356429,2023-03-02,deutsche_post_cross_border,LY420517364DE
2357420,2023-03-02,deutsche_post_cross_border,RS528870703DE
2356591,2023-03-02,deutsche_post_cross_border,LY420517347DE
2356108,2023-03-02,deutsche_post_cross_border,RS528870694DE
2356307,2023-03-02,deutsche_post_cross_border,LY420517333DE
2355842,2023-03-02,deutsche_post_cross_border,LY420517316DE
2357441,2023-03-02,deutsche_post_cross_border,LY420517302DE
2356686,2023-03-02,deutsche_post_cross_border,LY420517293DE
2356383,2023-03-02,deutsche_post_cross_border,RS528870685DE
2356116,2023-03-02,deutsche_post_cross_border,LY420517280DE
2355847,2023-03-02,deutsche_post_cross_border,LY420517276DE
2357347,2023-03-02,deutsche_post_cross_border,LY420517245DE
2356205,2023-03-02,deutsche_post_cross_border,LY420517231DE
2356698,2023-03-02,deutsche_post_cross_border,RS528870663DE
2356129,2023-03-02,deutsche_post_cross_border,LY420517228DE
2357294,2023-03-02,deutsche_post_cross_border,LY420517188DE
2356241,2023-03-02,deutsche_post_cross_border,RS528870646DE
2356167,2023-03-02,deutsche_post_cross_border,RS528870650DE
2355182,2023-03-02,hermescorp,H03SYC0000013831
2357453,2023-03-02,hermescorp,H03SYC0000014427
2357490,2023-03-02,hermescorp,H03SYC0000014376
2357314,2023-03-02,hermescorp,H03SYC0000014364
2356269,2023-03-02,hermescorp,H03SYC0000014415
2355204,2023-03-02,hermescorp,H03SYC0000014186
2355725,2023-03-02,hermescorp,H03SYC0000014198
2356734,2023-03-02,hermescorp,H03SYC0000014352
2355417,2023-03-02,hermescorp,H03SYC0000014340
2357340,2023-03-02,hermescorp,H03SYC0000014009
2356278,2023-03-02,hermescorp,H03SYC0000014338
2356570,2023-03-02,hermescorp,H03SYC0000013982
2355745,2023-03-02,hermescorp,H03SYC0000014326
2355418,2023-03-02,hermescorp,H03SYC0000014174
2355229,2023-03-02,hermescorp,H03SYC0000013994
2357358,2023-03-02,hermescorp,H03SYC0000013970
2356285,2023-03-02,hermescorp,H03SYC0000014162
2355576,2023-03-02,hermescorp,H03SYC0000014150
2355231,2023-03-02,hermescorp,H03SYC0000013968
2356632,2023-03-02,hermescorp,H03SYC0000014314
2355424,2023-03-02,hermescorp,H03SYC0000014302
2357366,2023-03-02,hermescorp,H03SYC0000014299
2356147,2023-03-02,hermescorp,H03SYC0000013956
2355608,2023-03-02,hermescorp,H03SYC0000014275
2355233,2023-03-02,hermescorp,H03SYC0000014136
2356464,2023-03-02,hermescorp,H03SYC0000014287
2355458,2023-03-02,hermescorp,H03SYC0000014148
2357262,2023-03-02,hermescorp,H03SYC0000014124
2356482,2023-03-02,hermescorp,H03SYC0000014112
2355637,2023-03-02,hermescorp,H03SYC0000013932
2355477,2023-03-02,hermescorp,H03SYC0000013944
2355236,2023-03-02,hermescorp,H03SYC0000013920
2356149,2023-03-02,hermescorp,H03SYC0000014100
2357292,2023-03-02,hermescorp,H03SYC0000014263
2356516,2023-03-02,hermescorp,H03SYC0000014251
2355377,2023-03-02,hermescorp,H03SYC0000014097
2355139,2023-03-02,hermescorp,H03SYC0000013906
2355671,2023-03-02,hermescorp,H03SYC0000013918
2356154,2023-03-02,hermescorp,H03SYC0000014249
2357306,2023-03-02,hermescorp,H03SYC0000013893
2355497,2023-03-02,hermescorp,H03SYC0000013881
2355258,2023-03-02,hermescorp,H03SYC0000014237
2356545,2023-03-02,hermescorp,H03SYC0000014085
2355151,2023-03-02,hermescorp,H03SYC0000014073
2355932,2023-03-02,hermescorp,H03SYC0000014225
2357133,2023-03-02,hermescorp,H03SYC0000014061
2355299,2023-03-02,hermescorp,H03SYC0000014213
2356338,2023-03-02,hermescorp,H03SYC0000013603
2355522,2023-03-02,hermescorp,H03SYC0000014059
2355179,2023-03-02,hermescorp,H03SYC0000013879
2355708,2023-03-02,hermescorp,H03SYC0000014035
2357214,2023-03-02,hermescorp,H03SYC0000014047
2355308,2023-03-02,hermescorp,H03SYC0000013867
2355526,2023-03-02,hermescorp,H03SYC0000013590
2356233,2023-03-02,hermescorp,H03SYC0000013855
2355709,2023-03-02,hermescorp,H03SYC0000013843
2357119,2023-03-02,hermescorp,H03SYC0000014023
2357534,2023-03-02,royal_mail,40059529600099B5B146B
2357542,2023-03-02,royal_mail,40059529600099B5B137B
2355630,2023-03-02,royal_mail,40059529600099B5B124B
2355238,2023-03-02,royal_mail,40059529600099B5B126D
2356262,2023-03-02,royal_mail,40059529600099B5B1282
2357411,2023-03-02,royal_mail,40059529600099B5B125E
2356693,2023-03-02,royal_mail,40059529600099B5B1203
2357353,2023-03-02,royal_mail,40059529600099B5B123D
2356069,2023-03-02,royal_mail,40059529600099B5B1120
2355145,2023-03-02,royal_mail,40059529600099B5B113E
2357414,2023-03-02,royal_mail,40059529600099B5B1104
2357397,2023-03-02,royal_mail,40059529600099B5B10BE
2355344,2023-03-02,royal_mail,40059529600099B5B10CC
2356483,2023-03-02,royal_mail,40059529600099B5B1084
2355167,2023-03-02,royal_mail,40059529600099B5B1005
2355949,2023-03-02,royal_mail,40059529600099B5B1021
2357415,2023-03-02,royal_mail,40059529600099B5B0FF9
2356962,2023-03-02,royal_mail,40059529600099B5B0FDB
2355367,2023-03-02,royal_mail,40059529600099B5B0FB1
2356496,2023-03-02,royal_mail,40059529600099B5B0F95
2355978,2023-03-02,royal_mail,40059529600099B5B0EEB
2355176,2023-03-02,royal_mail,40059529600099B5B0EDC
2357466,2023-03-02,royal_mail,40059529600099B5B0EB2
2357014,2023-03-02,royal_mail,40059529600099B5B0EC0
2355375,2023-03-02,royal_mail,40059529600099B5B0E88
2356509,2023-03-02,royal_mail,40059529600099B5B0E41
2356035,2023-03-02,royal_mail,40059529600099B5B0D55
2357477,2023-03-02,royal_mail,40059529600099B5B0D42
2356801,2023-03-02,royal_mail,40059529600099B5B0D26
2355184,2023-03-02,royal_mail,40059529600099B5B0D0A
2355262,2023-03-02,royal_mail,40059529600099B5B0D34
2356193,2023-03-02,royal_mail,40059529600099B5B0D18
2355193,2023-03-02,royal_mail,40059529600099B5C89A7
2357501,2023-03-02,royal_mail,40059529600099B5C9FD7
2357514,2023-03-02,royal_mail,40059529600099B5C9F20
2357530,2023-03-02,royal_mail,40059529600099B5C9E05
2357407,2023-03-02,royal_mail,40059529600099B5C9D85
2355386,2023-03-02,royal_mail,40059529600099B5C9CDA
2356649,2023-03-02,royal_mail,40059529600099B5C9CA2
2357417,2023-03-02,royal_mail,40059529600099B5C9CB0
2356103,2023-03-02,royal_mail,40059529600099B5C9C86
2355893,2023-03-02,royal_mail,40059529600099B5C9BF9
2355255,2023-03-02,royal_mail,40059529600099B5C9BEA
2357427,2023-03-02,royal_mail,40059529600099B5C9C07
2357274,2023-03-02,royal_mail,40059529600099B5C9BDB
2356107,2023-03-02,royal_mail,40059529600099B5C9B87
2356651,2023-03-02,royal_mail,40059529600099B5C9B62
2357433,2023-03-02,royal_mail,40059529600099B5C9AFA
2355904,2023-03-02,royal_mail,40059529600099B5C9AB2
2355285,2023-03-02,royal_mail,40059529600099B5C9AA4
2357177,2023-03-02,royal_mail,40059529600099B5C9A88
2356653,2023-03-02,royal_mail,40059529600099B5C9A41
2356130,2023-03-02,royal_mail,40059529600099B5C9A63
2355213,2023-03-02,royal_mail,40059529600099B5C99DD
2355907,2023-03-02,royal_mail,40059529600099B5C9A17
2357021,2023-03-02,royal_mail,40059529600099B5C9997
2357446,2023-03-02,royal_mail,40059529600099B5C99A5
2356131,2023-03-02,royal_mail,40059529600099B5C9973
2356681,2023-03-02,royal_mail,40059529600099B5C988A
2355939,2023-03-02,royal_mail,40059529600099B5C98A6
2357461,2023-03-02,royal_mail,40059529600099B5C9827
2355235,2023-03-02,royal_mail,40059529600099B5C9865
2357050,2023-03-02,royal_mail,40059529600099B5C9843
2356143,2023-03-02,royal_mail,40059529600099B5C9819
2355793,2023-03-02,royal_mail,40059529600099B5C9744
2356695,2023-03-02,royal_mail,40059529600099B5C9775
2355118,2023-03-02,royal_mail,40059529600099B5C9757
2356945,2023-03-02,royal_mail,40059529600099B5C9736
2357470,2023-03-02,royal_mail,40059529600099B5C96FE
2356144,2023-03-02,royal_mail,40059529600099B5C9667
2356435,2023-03-02,royal_mail,40059529600099B5C9658
2357471,2023-03-02,royal_mail,40059529600099B5C9645
2355751,2023-03-02,royal_mail,40059529600099B5C9629
2304468-1,2023-03-02,royal_mail,40059529600099B5C961B
2355125,2023-03-02,royal_mail,40059529600099B5C95D1
2357491,2023-03-02,royal_mail,40059529600099B5C9559
2356437,2023-03-02,royal_mail,40059529600099B5C9538
2356146,2023-03-02,royal_mail,40059529600099B5C951C
2355578,2023-03-02,royal_mail,40059529600099B5C952A
2313820-1,2023-03-02,royal_mail,40059529600099B5C950E
2355132,2023-03-02,royal_mail,40059529600099B5C94D2
2357497,2023-03-02,royal_mail,40059529600099B5C945A
2356469,2023-03-02,royal_mail,40059529600099B5C9439
2355629,2023-03-02,royal_mail,40059529600099B5C941D
2356731,2023-03-02,royal_mail,40059529600099B5C940F
2355144,2023-03-02,royal_mail,40059529600099B5C935B
2356150,2023-03-02,royal_mail,40059529600099B5C936A
2356505,2023-03-02,royal_mail,40059529600099B5C92D4
2356767,2023-03-02,royal_mail,40059529600099B5C9280
2357363,2023-03-02,royal_mail,40059529600099B5C925C
2355658,2023-03-02,royal_mail,40059529600099B5C929E
2356151,2023-03-02,royal_mail,40059529600099B5C921F
2355150,2023-03-02,royal_mail,40059529600099B5C919F
2356553,2023-03-02,royal_mail,40059529600099B5C915D
2355533,2023-03-02,royal_mail,40059529600099B5C90F4
2356812,2023-03-02,royal_mail,40059529600099B5C9102
2357372,2023-03-02,royal_mail,40059529600099B5C9090
2356156,2023-03-02,royal_mail,40059529600099B5C8FE8
2355542,2023-03-02,royal_mail,40059529600099B5C8FBF
2356335,2023-03-02,royal_mail,40059529600099B5C8F22
2355160,2023-03-02,royal_mail,40059529600099B5C8F85
2356572,2023-03-02,royal_mail,40059529600099B5C8F51
2356170,2023-03-02,royal_mail,40059529600099B5C8EA2
2357388,2023-03-02,royal_mail,40059529600099B5C8E94
2355457,2023-03-02,royal_mail,40059529600099B5C8E4F
2355165,2023-03-02,royal_mail,40059529600099B5C8E31
2356589,2023-03-02,royal_mail,40059529600099B5C8E61
2356401,2023-03-02,royal_mail,40059529600099B5C8E15
2355971,2023-03-02,royal_mail,40059529600099B5C8DB1
2356601,2023-03-02,royal_mail,40059529600099B5C8D95
2355464,2023-03-02,royal_mail,40059529600099B5C8D53
2355168,2023-03-02,royal_mail,40059529600099B5C8D32
2357393,2023-03-02,royal_mail,40059529600099B5C8D16
2356404,2023-03-02,royal_mail,40059529600099B5C8D24
2356056,2023-03-02,royal_mail,40059529600099B5C8CFA
2356612,2023-03-02,royal_mail,40059529600099B5C8CB2
2355327,2023-03-02,royal_mail,40059529600099B5C8CC0
2355175,2023-03-02,royal_mail,40059529600099B5C8C72
2356210,2023-03-02,royal_mail,40059529600099B5C8C54
2357399,2023-03-02,royal_mail,40059529600099B5C8C33
2355844,2023-03-02,royal_mail,40059529600099B5C8C09
2355328,2023-03-02,royal_mail,40059529600099B5C8B89
2356619,2023-03-02,royal_mail,40059529600099B5C8B97
2356084,2023-03-02,royal_mail,40059529600099B5C8B42
2355180,2023-03-02,royal_mail,40059529600099B5C8B26
2355866,2023-03-02,royal_mail,40059529600099B5C8B34
2357235,2023-03-02,royal_mail,40059529600099B5C8AC2
2356644,2023-03-02,royal_mail,40059529600099B5C89B5
2355380,2023-03-02,royal_mail,40059529600099B5C8999
2356096,2023-03-02,royal_mail,40059529600099B5C8966
2357267,2023-03-02,royal_mail,40059529600099B5C898B
2355886,2023-03-02,royal_mail,40059529600099B5C8975
2355190,2023-03-02,royal_mail,40059529600099B5D4219
2355292,2023-03-02,royal_mail,40059529600099B5D42A6
2355309,2023-03-02,royal_mail,40059529600099B5D42ED
2355286,2023-03-02,royal_mail,40059529600099B5D42FC
2355319,2023-03-02,royal_mail,40059529600099B5D4227
2355205,2023-03-02,royal_mail,40059529600099B5D4256
2281304,2023-03-02,royal_mail,40059529600099B7248E0
2230029,2023-03-02,royal_mail,40059529600099B72563D
2338871,2023-03-02,royal_mail,40059529600099B726131
2355192,2023-03-02,royal_mail,40059529600099B758460
2357338,2023-03-02,royal_mail,40059529600099B759F17
2356168,2023-03-02,royal_mail,40059529600099B759E42
2355607,2023-03-02,royal_mail,40059529600099B759D8A
2357502,2023-03-02,royal_mail,40059529600099B759DB4
2357361,2023-03-02,royal_mail,40059529600099B759C44
2356004,2023-03-02,royal_mail,40059529600099B759BEF
2206363-1,2023-03-02,royal_mail,40059529600099B759C57
2356196,2023-03-02,royal_mail,40059529600099B759BFE
2357510,2023-03-02,royal_mail,40059529600099B759BA8
2355628,2023-03-02,royal_mail,40059529600099B759BB6
2357376,2023-03-02,royal_mail,40059529600099B75947D
2356711,2023-03-02,royal_mail,40059529600099B759491
2356019,2023-03-02,royal_mail,40059529600099B759483
2356203,2023-03-02,royal_mail,40059529600099B7593D8
2357511,2023-03-02,royal_mail,40059529600099B7593E7
2355449,2023-03-02,royal_mail,40059529600099B75933F
2356769,2023-03-02,royal_mail,40059529600099B7592CD
2356041,2023-03-02,royal_mail,40059529600099B759313
2356208,2023-03-02,royal_mail,40059529600099B7592E8
2357517,2023-03-02,royal_mail,40059529600099B7592A1
2357377,2023-03-02,royal_mail,40059529600099B7592BF
2355482,2023-03-02,royal_mail,40059529600099B759251
2356063,2023-03-02,royal_mail,40059529600099B75924E
2356212,2023-03-02,royal_mail,40059529600099B759206
2357400,2023-03-02,royal_mail,40059529600099B7591CE
2357523,2023-03-02,royal_mail,40059529600099B759186
2356568,2023-03-02,royal_mail,40059529600099B759115
2355483,2023-03-02,royal_mail,40059529600099B7590EA
2355815,2023-03-02,royal_mail,40059529600099B759095
2356215,2023-03-02,royal_mail,40059529600099B759071
2357403,2023-03-02,royal_mail,40059529600099B759016
2357532,2023-03-02,royal_mail,40059529600099B759024
2356633,2023-03-02,royal_mail,40059529600099B758FDE
2355366,2023-03-02,royal_mail,40059529600099B758FC2
2355819,2023-03-02,royal_mail,40059529600099B758F74
2356270,2023-03-02,royal_mail,40059529600099B758F65
2357536,2023-03-02,royal_mail,40059529600099B758F43
2357229,2023-03-02,royal_mail,40059529600099B758F27
2356656,2023-03-02,royal_mail,40059529600099B758EA7
2355310,2023-03-02,royal_mail,40059529600099B758EB5
2356291,2023-03-02,royal_mail,40059529600099B758E1A
2355833,2023-03-02,royal_mail,40059529600099B758DFE
2357409,2023-03-02,royal_mail,40059529600099B758E0C
2357264,2023-03-02,royal_mail,40059529600099B758D9A
2355208,2023-03-02,royal_mail,40059529600099B758D29
2356447,2023-03-02,royal_mail,40059529600099B758D1B
2357293,2023-03-02,royal_mail,40059529600099B758C2A
2356471,2023-03-02,royal_mail,40059529600099B758C0E
2357436,2023-03-02,royal_mail,40059529600099B758BC6
2355843,2023-03-02,royal_mail,40059529600099B758B8E
2356077,2023-03-02,royal_mail,40059529600099B758B9C
2355247,2023-03-02,royal_mail,40059529600099B758B1D
2357057,2023-03-02,royal_mail,40059529600099B758AC7
2356491,2023-03-02,royal_mail,40059529600099B758AB9
2357442,2023-03-02,royal_mail,40059529600099B758B2B
2356091,2023-03-02,royal_mail,40059529600099B758A79
2355851,2023-03-02,royal_mail,40059529600099B75897A
2357448,2023-03-02,royal_mail,40059529600099B7589F2
2356132,2023-03-02,royal_mail,40059529600099B758901
2355124,2023-03-02,royal_mail,40059529600099B758949
2357089,2023-03-02,royal_mail,40059529600099B75882E
2357451,2023-03-02,royal_mail,40059529600099B7588AD
2356492,2023-03-02,royal_mail,40059529600099B75885D
2355861,2023-03-02,royal_mail,40059529600099B75887B
2355157,2023-03-02,royal_mail,40059529600099B75883C
2356157,2023-03-02,royal_mail,40059529600099B758810
2357309,2023-03-02,royal_mail,40059529600099B75875E
2355185,2023-03-02,royal_mail,40059529600099B7586E6
2356160,2023-03-02,royal_mail,40059529600099B7586AF
2355736,2023-03-02,royal_mail,40059529600099B7586D7
2356981,2023-03-02,royal_mail,40059529600099B7586F5
2356517,2023-03-02,royal_mail,40059529600099B7586BD
2357313,2023-03-02,royal_mail,40059529600099B7584BF
2209156-1,2023-03-02,royal_mail,40059529600099B7584A1
2356166,2023-03-02,royal_mail,40059529600099B758485
2355768,2023-03-02,royal_mail,40059529600099B75847F
2356537,2023-03-02,royal_mail,40059529600099B758493
2356784,2023-03-02,royal_mail,40059529600099B7615CA
2347094,2023-03-02,royal_mail,40059529600099B7C4DD2
2355595,2023-03-02,royal_mail,40059529600099B7C53EE
2355240,2023-03-02,royal_mail,40059529600099B7C538B
2356027,2023-03-02,royal_mail,40059529600099B7C52D0
2355289,2023-03-02,royal_mail,40059529600099B7C52A8
2356290,2023-03-02,royal_mail,40059529600099B7C5237
2355136,2023-03-02,royal_mail,40059529600099B7C51FF
2356028,2023-03-02,royal_mail,40059529600099B7C5159
2355222,2023-03-02,royal_mail,40059529600099B7C512A
2356094,2023-03-02,royal_mail,40059529600099B7C50F0
2355172,2023-03-02,royal_mail,40059529600099B7C50E1
2356050,2023-03-02,royal_mail,40059529600099B7C5039
2355232,2023-03-02,royal_mail,40059529600099B7C4FEF
2355979,2023-03-02,royal_mail,40059529600099B7C4FB6
2355189,2023-03-02,royal_mail,40059529600099B7C4FC4
2356053,2023-03-02,royal_mail,40059529600099B7C4EB7
2355234,2023-03-02,royal_mail,40059529600099B7C4DF0
2356005,2023-03-02,royal_mail,40059529600099B7C4D9C
2355867,2023-03-02,royal_mail,40059529600099B7C4CD3
2356261,2023-03-02,royal_mail,40059529600099B7C53B5
2356222,2023-03-02,royal_mail,40059529600099B7C5138
2356228,2023-03-02,royal_mail,40059529600099B7C4FD0
2356259,2023-03-02,royal_mail,40059529600099B7C4DE1
2357499,2023-03-02,royal_mail,40059529600099B7C56DC
2357513,2023-03-02,royal_mail,40059529600099B7C5633
2357516,2023-03-02,royal_mail,40059529600099B7C550A
2356760,2023-03-02,royal_mail,40059529600099B7C5419
2357524,2023-03-02,royal_mail,40059529600099B7C5443
2357457,2023-03-02,royal_mail,40059529600099B7C5375
2356219,2023-03-02,royal_mail,40059529600099B7C52FE
2357478,2023-03-02,royal_mail,40059529600099B7C51A9
2357481,2023-03-02,royal_mail,40059529600099B7C5078
2357385,2023-03-02,royal_mail,40059529600099B7C4F8C
2356858,2023-03-02,royal_mail,40059529600099B7C4E68
2356707,2023-03-02,royal_mail,40059529600099B7C4CE2
2355715,2023-03-02,royal_mail,40059529600099B7D56F9
2356414,2023-03-02,royal_mail,40059529600099B7D56DB
2355257,2023-03-02,royal_mail,40059529600099B7D56B1
2356428,2023-03-02,royal_mail,40059529600099B7D56A3
2357373,2023-03-02,royal_mail,40059529600099B7D5695
2355716,2023-03-02,royal_mail,40059529600099B7D5640
2356197,2023-03-02,royal_mail,40059529600099B7D5653
2355210,2023-03-02,royal_mail,40059529600099B7D5608
2357295,2023-03-02,royal_mail,40059529600099B7D5616
2356521,2023-03-02,royal_mail,40059529600099B7D5624
2355936,2023-03-02,royal_mail,40059529600099B7D5517
2356327,2023-03-02,royal_mail,40059529600099B7D5525
2357300,2023-03-02,royal_mail,40059529600099B7D5541
2355731,2023-03-02,royal_mail,40059529600099B7D5509
2355115,2023-03-02,royal_mail,40059529600099B7D54A5
2356741,2023-03-02,royal_mail,40059529600099B7D53ED
2356372,2023-03-02,royal_mail,40059529600099B7D53FC
2355740,2023-03-02,royal_mail,40059529600099B7D540A
2355692,2023-03-02,royal_mail,40059529600099B7D53C2
2357527,2023-03-02,royal_mail,40059529600099B7D5687
2357458,2023-03-02,royal_mail,40059529600099B7D55FA
2357336,2023-03-02,royal_mail,40059529600099B7D54DD
2357370,2023-03-02,royal_mail,40059529600099B7D53DE
2357509,2023-03-02,royal_mail,40059529600099B7DBA9F
2357412,2023-03-02,royal_mail,40059529600099B7DBA02
2357459,2023-03-02,royal_mail,40059529600099B7DB92F
2357476,2023-03-02,royal_mail,40059529600099B7DB891
2357389,2023-03-02,royal_mail,40059529600099B7DB812
2355767,2023-03-02,royal_mail,40059529600099B7DB7A0
2355352,2023-03-02,royal_mail,40059529600099B7DB792
2357390,2023-03-02,royal_mail,40059529600099B7DB784
2356350,2023-03-02,royal_mail,40059529600099B7DB74D
2356085,2023-03-02,royal_mail,40059529600099B7DB73F
2355614,2023-03-02,royal_mail,40059529600099B7DB6E8
2355252,2023-03-02,royal_mail,40059529600099B7DB705
2356448,2023-03-02,royal_mail,40059529600099B7DB6CD
2357242,2023-03-02,royal_mail,40059529600099B7DB67F
2355927,2023-03-02,royal_mail,40059529600099B7DB5A2
2356356,2023-03-02,royal_mail,40059529600099B7DB5E9
2355320,2023-03-02,royal_mail,40059529600099B7DB570
2355499,2023-03-02,royal_mail,40059529600099B7DB561
2356461,2023-03-02,royal_mail,40059529600099B7DB586
2343935-1,2023-03-02,royal_mail,40059529600099B7DB4CF
2356360,2023-03-02,royal_mail,40059529600099B7DB487
2356485,2023-03-02,royal_mail,40059529600099B7DB453
2355701,2023-03-02,royal_mail,40059529600099B7DB440
2355217,2023-03-02,royal_mail,40059529600099B7DB408
2355537,2023-03-02,royal_mail,40059529600099B7DB3DC
2356771,2023-03-02,royal_mail,40059529600099B7DB3C0
2356424,2023-03-02,royal_mail,40059529600099B7DB388
2356532,2023-03-02,royal_mail,40059529600099B7DB333
2355739,2023-03-02,royal_mail,40059529600099B7DB341
2355242,2023-03-02,royal_mail,40059529600099B7DB289
2355439,2023-03-02,royal_mail,40059529600099B7DB242
2356214,2023-03-02,royal_mail,40059529600099B7DB264
2356642,2023-03-02,royal_mail,40059529600099B7DB234
2356297,2023-03-02,royal_mail,40059529600099B7DB255
2355759,2023-03-02,royal_mail,40059529600099B7DB273
2343967,2023-03-02,royal_mail,40059529600099B81B8E8
2356824,2023-03-02,royal_mail,40059529600099B81BD1F
2356852,2023-03-02,royal_mail,40059529600099B81BC5D
2356805,2023-03-02,royal_mail,40059529600099B81BB5E
2356385,2023-03-02,royal_mail,40059529600099B81BABD
2356255,2023-03-02,royal_mail,40059529600099B81B9F6
2355474,2023-03-02,royal_mail,40059529600099B81B905
2355379,2023-03-02,royal_mail,40059529600099B81B8F7
2355513,2023-03-02,royal_mail,40059529600099B81B8D9
2355161,2023-03-02,royal_mail,40059529600099B81B8CD
2357472,2023-03-02,royal_mail,40059529600099B81FF07
2357053,2023-03-02,royal_mail,40059529600099B81FE08
2356678,2023-03-02,royal_mail,40059529600099B81FE32
2311537-1,2023-03-02,royal_mail,40059529600099B81FE24
2355120,2023-03-02,royal_mail,40059529600099B81FE16
2355200,2023-03-02,royal_mail,40059529600099B81FDDC
2356357,2023-03-02,royal_mail,40059529600099B81FDEB
2355127,2023-03-02,royal_mail,40059529600099B81FD41
2356842,2023-03-02,royal_mail,40059529600099B81FCFB
2356433,2023-03-02,royal_mail,40059529600099B81FD17
2356718,2023-03-02,royal_mail,40059529600099B81FD54
2356217,2023-03-02,royal_mail,40059529600099B81FCC1
2355202,2023-03-02,royal_mail,40059529600099B81FCB3
2356578,2023-03-02,royal_mail,40059529600099B81FC42
2356342,2023-03-02,royal_mail,40059529600099B81FC18
2348166,2023-03-02,royal_mail,40059529600099B81FC34
2356850,2023-03-02,royal_mail,40059529600099B81FC0A
2355243,2023-03-02,royal_mail,40059529600099B81FBDE
2356264,2023-03-02,royal_mail,40059529600099B81FBB4
2345755,2023-03-02,royal_mail,40059529600099B81FB56
2356854,2023-03-02,royal_mail,40059529600099B81FAEE
2356661,2023-03-02,royal_mail,40059529600099B81FADF
2356345,2023-03-02,royal_mail,40059529600099B81FB0B
2355250,2023-03-02,royal_mail,40059529600099B81FB19
2356272,2023-03-02,royal_mail,40059529600099B81FAFD
2347939,2023-03-02,royal_mail,40059529600099B844790
2356825,2023-03-02,royal_mail,40059529600099B84496B
2356323,2023-03-02,royal_mail,40059529600099B844901
2347921,2023-03-02,royal_mail,40059529600099B8448F3
2356659,2023-03-02,royal_mail,40059529600099B8448D5
2356246,2023-03-02,royal_mail,40059529600099B84486C
2356495,2023-03-02,royal_mail,40059529600099B84483C
2356384,2023-03-02,royal_mail,40059529600099B84476D
2356434,2023-03-02,royal_mail,40059529600099B8446CB
2355416,2023-03-02,royal_mail,40059529600099B8446BD
2356522,2023-03-02,royal_mail,40059529600099B844691
2355224,2023-03-02,royal_mail,40059529600099B844683
2355391,2023-03-02,royal_mail,40059529600099B845A4B
2357469,2023-03-02,royal_mail,40059529600099B84F2D4
2357496,2023-03-02,royal_mail,40059529600099B84F17B
2356476,2023-03-02,royal_mail,40059529600099B84EFD8
2356406,2023-03-02,royal_mail,40059529600099B84EE30
2355268,2023-03-02,royal_mail,40059529600099B84ED23
2355187,2023-03-02,royal_mail,40059529600099B84ECF9
2356042,2023-03-02,royal_mail,40059529600099B84EC95
2356065,2023-03-02,royal_mail,40059529600099B84ECEA
2355896,2023-03-02,royal_mail,40059529600099B84EC16
2355269,2023-03-02,royal_mail,40059529600099B84EC24
